feature,importance
f15,0.252128240144471
f11,0.2507277497732498
f16,0.24941299363237893
f19,0.2491812647773223
f17,0.24843625445669154
f7,0.24767124157366452
f10,0.24701057179285313
f9,0.24685104506979091
f12,0.24663983067651074
f20,0.24653398866256943
f8,0.24643711881607547
f18,0.2463011992498662
f13,0.24524937763040758
f23,0.24490016432784562
f25,0.24476866362009597
f24,0.24375605765928998
f22,0.24177517113463964
f4,0.24155859344396655
f14,0.24110306964282716
f26,0.2408837991855515
f6,0.24083922194205454
f21,0.24029494384744207
f34,0.24009182352031705
f29,0.23892343169230892
f35,0.23816078563754556
f27,0.23774377809856984
f33,0.23735180728848637
f5,0.23680228306346984
f31,0.23617326292502772
f47,0.2358775157665537
f32,0.23558203268656733
f43,0.23447428931061157
f28,0.2341820910906408
f30,0.23400451588979007
f41,0.2335304929108011
f40,0.2329631011918972
f37,0.2327641145247124
f42,0.23271383907958018
f36,0.23212446605972542
f38,0.2304686310948878
f45,0.230292923430226
f48,0.23019846307678465
f44,0.22944605867266746
f55,0.22933414155257179
f49,0.22877809814693037
f52,0.22844172565345305
f59,0.227859245755502
f50,0.22682952084885383
f53,0.2266684030801859
f60,0.2263753423342176
f51,0.22548828397734472
f56,0.22529861998349093
f63,0.22494917035387207
f54,0.22476204265117677
f57,0.22370601088882192
f67,0.22305750304356597
f39,0.22302982036857202
f46,0.22289568366053497
f69,0.2227831376268212
f62,0.2225138539743377
f61,0.22192475796335423
f73,0.22167909716232245
f58,0.22167344560656924
f68,0.22137121336791885
f70,0.21917717515404225
f3,0.2185381626681453
f72,0.21849293207447384
f74,0.2182987859804469
f66,0.21825958337596985
f71,0.21763197622453767
f77,0.21755418639406962
f64,0.21750296115934367
f81,0.21701525862015233
f87,0.21695827802204362
f65,0.21661258146496945
f85,0.2162211520631899
f75,0.2159842816988628
f79,0.2157526380790382
f82,0.2149048182565269
f76,0.21426371436047245
f90,0.2135621535680241
f95,0.21264850262352805
f84,0.2126346728631438
f93,0.21245031769007053
f105,0.2122436483800158
f104,0.2121911991747906
f91,0.21214781366738897
f88,0.21203605680503992
f107,0.21190118175251188
f98,0.211767470300033
f83,0.21174601799862908
f86,0.21148491809061937
f78,0.21132410941004245
f89,0.21097407855713388
f103,0.21054312769425385
f80,0.21037878534140764
f97,0.20970957382691038
f108,0.20923217077598744
f153,0.20917286398114687
f197,0.209009264340325
f106,0.20896564150366984
f110,0.20868169091271457
f109,0.20841808427329273
f100,0.2082389173165982
f94,0.2081063298670114
f92,0.20753725179292568
f112,0.20748648648396262
f117,0.207448422791076
f111,0.20736992255988507
f124,0.20732919608038916
f101,0.20677829379595292
f131,0.20673132051908064
f122,0.20670543079279555
f187,0.2064928138103002
f188,0.2064120288903332
f96,0.20637313899379042
f134,0.20618378886279157
f143,0.20614907995357015
f130,0.2061302835414651
f99,0.20602418155566693
f177,0.20585292087699172
f121,0.20562468512415277
f213,0.20561439062190207
f120,0.20560266133709937
f195,0.2055596046117023
f168,0.2055557521392988
f123,0.2055227965928043
f166,0.20542165620160124
f147,0.2054111991265467
f163,0.20536046341038747
f139,0.20518931875632163
f203,0.20511915736288883
f141,0.20503803606895932
f113,0.2050343354732819
f155,0.20498941400404075
f136,0.2049825917377746
f151,0.2049437321802634
f196,0.2049420935935933
f226,0.20490898531764917
f115,0.20488412750353935
f132,0.2047611501906781
f145,0.20474534043491852
f135,0.2047214255059883
f170,0.2045196857162482
f125,0.20449714417377698
f325,0.2044722113078054
f133,0.2044435980527425
f174,0.2043060771356732
f116,0.20424111887381105
f176,0.2042402927279782
f201,0.2041602128901231
f438,0.20406907851517905
f182,0.20403225074702322
f191,0.20396989366577423
f408,0.20386528330307105
f175,0.20385010700135614
f144,0.20379218509141359
f231,0.20370284538782443
f241,0.2036120163169601
f178,0.20360183209137167
f294,0.20327771928252408
f190,0.20326280461212695
f222,0.20324466906410038
f154,0.20320100881814035
f293,0.20306467204950285
f114,0.20298496061762722
f267,0.20295974976143327
f279,0.20288781222555227
f102,0.20287637686442977
f236,0.20285707617477253
f198,0.20277891675983628
f118,0.20276228981694114
f268,0.20268753038478993
f146,0.20266122409059106
f157,0.20264750692439817
f269,0.20258491729693026
f127,0.20254636314800356
f219,0.20251930623103354
f207,0.2024987567734641
f194,0.2024883726071037
f215,0.2024437364636784
f171,0.2024397126671553
f193,0.20240895591826985
f192,0.20240002115209016
f277,0.20237638457929272
f307,0.20237068320819043
f443,0.20234486555126102
f335,0.20232035610250795
f211,0.20231103645893417
f433,0.20226146079785398
f224,0.20222579790788572
f275,0.20217229412710697
f216,0.20216782560165614
f297,0.20216401985570195
f223,0.20216344393894561
f184,0.20208476038341808
f205,0.20205895252358078
f358,0.20201266526399025
f173,0.20199999508455263
f129,0.20197653539750302
f255,0.20197037266177587
f550,0.20195159718842376
f179,0.20190702682082337
f245,0.20189000888618097
f186,0.20185053183141782
f281,0.20179685087234292
f230,0.20175705113865866
f140,0.2017515351074287
f246,0.20172177638399327
f228,0.20171982979948708
f284,0.2017090487232093
f341,0.20170650409764965
f272,0.20169289101753837
f142,0.20168770402981862
f273,0.20165775310379164
f251,0.20155301998262018
f239,0.20151213218411948
f242,0.20149314559392756
f189,0.20148263299218924
f461,0.20144965162670891
f360,0.2014275481555837
f149,0.20139579656331025
f214,0.20139521600744797
f305,0.20136566561729052
f126,0.20135467647966568
f229,0.20132632361642272
f452,0.2013221836049948
f298,0.20123860161168852
f276,0.2012267324735462
f391,0.20119535682309483
f181,0.2011467550488248
f389,0.20110176123319976
f375,0.20109729063775356
f233,0.20109616971732597
f457,0.20102283711818184
f165,0.20101196558967174
f161,0.20099869998225045
f347,0.20098573051738028
f240,0.20098093130278938
f235,0.20096397440493763
f128,0.200953339199499
f209,0.20095078718089687
f451,0.200925615532703
f158,0.2009172115290694
f199,0.20090790081173965
f119,0.20089466936123773
f323,0.20089397152096916
f572,0.20086811557218714
f180,0.20085819301932745
f570,0.20084063701288996
f156,0.20083700789530468
f319,0.2007627105028407
f243,0.20074789196411671
f259,0.20073617248502787
f152,0.20070436431118469
f185,0.2006645417375836
f232,0.20061930103397513
f316,0.2006152273679504
f172,0.200588288402232
f434,0.20054961920110037
f150,0.20054377387597738
f482,0.20053160443556106
f454,0.20048159708247906
f475,0.20041558607488466
f453,0.20039258303497196
f295,0.20038459569285885
f581,0.20038109854836295
f160,0.20037764147944448
f444,0.20032938164586375
f225,0.20027720586413772
f551,0.20026857913509433
f414,0.2002464798928837
f258,0.20022977409080409
f327,0.20021173926414396
f329,0.20016653705679993
f538,0.20015432918492224
f439,0.20011962642578
f148,0.20010603409086863
f575,0.20008154692714156
f651,0.2000338018205536
f169,0.2000307874181581
f310,0.20002341614734767
f210,0.20002096874186592
f264,0.199988939441661
f164,0.19998311325524534
f597,0.1999732236310984
f299,0.19986479227251927
f333,0.19978661339363446
f469,0.1997226955720799
f710,0.19972266306853162
f248,0.19970567156160715
f607,0.19969773903581944
f301,0.19969047528092718
f304,0.19967709330767516
f138,0.19963457784985203
f247,0.19959604815297205
f432,0.19957352886963012
f262,0.19956065569255832
f596,0.19952474277530236
f162,0.19952163185443178
f554,0.19950562422919674
f379,0.1994906987434977
f483,0.1994811893556604
f349,0.19947503080257278
f410,0.19947025930320278
f377,0.19945301764515244
f202,0.19943313813149333
f465,0.1994264901213768
f282,0.19938540861106796
f407,0.19937269627290866
f328,0.19936456530597366
f595,0.1993437084400483
f206,0.19934370793422226
f395,0.1993406232635944
f204,0.19931996435578828
f227,0.19931730852528348
f212,0.19930650102978634
f320,0.1993056311673096
f271,0.19930192614804396
f425,0.19928645406992126
f286,0.1992671401589566
f337,0.19924425157449221
f256,0.19924028048094922
f388,0.19923592987258423
f561,0.1992226669702395
f430,0.19922253949524524
f266,0.19921733552377985
f450,0.1992104526564067
f569,0.19919375180240337
f590,0.1991818170056293
f315,0.1991569973282176
f263,0.19910877275876418
f296,0.19909726768940028
f423,0.1990892189769855
f303,0.19908630979166556
f373,0.1990800555005264
f427,0.1990486305614744
f285,0.1990380786198602
f167,0.19897888971406552
f249,0.1989578701952861
f445,0.19895037379958272
f547,0.19894732203483773
f429,0.1989241360000001
f237,0.19891707950439108
f355,0.19889366502430175
f221,0.19886606496640577
f582,0.19886476602900016
f359,0.19885723033950378
f324,0.19885678124571812
f437,0.19881342943177407
f218,0.19880242525966302
f340,0.19879861974930738
f447,0.19877596819745338
f260,0.1987425899132024
f283,0.1987418277701857
f705,0.19872420249945685
f345,0.19867504207637715
f583,0.1986472575410353
f353,0.1986464295034347
f330,0.19862232998296386
f393,0.1986127374514327
f346,0.19858604627229098
f348,0.19857916501524472
f208,0.1985525987713174
f238,0.19854967877919308
f562,0.19852022262377175
f308,0.19851306240747763
f270,0.1985119592904433
f387,0.19846209689272395
f481,0.19845523393771067
f426,0.19844618116967927
f291,0.1984457314485196
f563,0.1984297986658976
f431,0.19842564802302132
f331,0.19839254389229308
f376,0.19837752872038736
f403,0.19837080547969999
f278,0.19831826432177388
f566,0.19830758819437916
f436,0.1982981300677286
f565,0.19828487211837298
f446,0.1982817925072816
f183,0.19827318383691264
f585,0.19824453233571782
f253,0.198176985828669
f313,0.19817422977020294
f448,0.19817400780154867
f250,0.19816104485030087
f312,0.1981500388663785
f558,0.19813518842621977
f409,0.19812428758192302
f280,0.19811256456970233
f338,0.19804141230594266
f488,0.1980260989875831
f289,0.1980048359859161
f274,0.19786636897561558
f449,0.19786547349799033
f306,0.1978595947437897
f422,0.1978519327335683
f675,0.19783500259139278
f220,0.1977822813826134
f300,0.19777941765808146
f311,0.1977523580273834
f609,0.19774996317872195
f326,0.19774419667338156
f159,0.1977409744277226
f458,0.19772300796687328
f716,0.197686520170071
f257,0.1976731956860385
f364,0.19767187874707307
f455,0.19764227694371483
f344,0.19763773351668862
f244,0.1976189950950831
f351,0.19761373847866928
f386,0.19760292825143605
f321,0.197591488542044
f137,0.19756732467615293
f378,0.19756694487044021
f421,0.1975430002469217
f602,0.19751595868438704
f368,0.197490200671734
f593,0.19748025423309895
f261,0.19747045097166044
f350,0.19745052910359645
f411,0.19744243855196175
f533,0.1974421901186167
f309,0.19743616161213928
f401,0.19742746351466542
f589,0.19738874154824448
f555,0.1973754030658814
f416,0.1973656641977325
f343,0.1973246091248267
f560,0.1973130415052881
f556,0.19730484795000144
f495,0.19729557600249817
f334,0.19728958160944027
f398,0.19727924685537693
f691,0.19722975396032802
f322,0.19721809847214797
f200,0.19720524896609423
f552,0.19719884085330952
f529,0.19717308279317453
f254,0.19714406056290817
f462,0.1971205023246046
f336,0.19710775636601374
f493,0.1970891655459377
f383,0.19706528565975068
f342,0.19706082700256836
f354,0.19704888949097535
f579,0.19703851679121315
f456,0.19702322162061486
f404,0.19701132410208144
f357,0.1969888371683315
f703,0.19698627614838496
f567,0.19696147409233586
f735,0.19694221110640425
f397,0.19693932035966089
f413,0.1969245711303637
f367,0.19691417968199582
f519,0.19689476416358656
f470,0.19689048589509403
f614,0.19688143264219574
f700,0.19687343755679754
f642,0.19686957397911548
f573,0.19686522916928695
f727,0.19684984750395007
f435,0.1968463010991868
f399,0.19683462914023778
f356,0.19682423528512105
f392,0.1967803736436085
f553,0.1967715780819849
f591,0.1967623710606449
f317,0.1967574733198113
f724,0.1967483191732665
f385,0.19674711536860282
f371,0.1967470500922505
f535,0.19674542015111537
f474,0.1967349395378401
f234,0.19672873474358776
f576,0.19667925309360992
f381,0.1966352749463404
f463,0.19661521232404972
f577,0.19659192102113665
f531,0.19653604297909794
f460,0.196534565213566
f584,0.19648915289165844
f428,0.19648050383153218
f318,0.19647603562670213
f559,0.19647601810676016
f580,0.1964729802313668
f669,0.19642455957502428
f667,0.19640418891683872
f571,0.19637892496566198
f265,0.19637333231261941
f352,0.19634584444200623
f487,0.1962878725453843
f828,0.19626853131099903
f588,0.19624352282082344
f442,0.19619000749266777
f610,0.19616759112342794
f557,0.19616258550781462
f252,0.1961141214492482
f332,0.19610360082147968
f613,0.1960349668350786
f599,0.19602020912824641
f440,0.19601158927371037
f292,0.1960074400595415
f441,0.19600265988666343
f730,0.19599278598986017
f752,0.1958896920531108
f686,0.19585452737231798
f722,0.19584638124263762
f612,0.19583334936600597
f505,0.1958247488533324
f718,0.19581939112809732
f707,0.19579282650362864
f369,0.1957893933054309
f372,0.1957556944322521
f384,0.19575530192216198
f420,0.19575165457158242
f217,0.19574956023396195
f627,0.19574827957114904
f406,0.19572467647710637
f616,0.19572101784105297
f374,0.19571531365471703
f339,0.19566858818337302
f549,0.1956055223247065
f517,0.1955892118137576
f419,0.19555935443844782
f412,0.19554682901361778
f466,0.19552501794858967
f479,0.1955167224535405
f620,0.19550126250950559
f546,0.19549224121295744
f831,0.19548517223790746
f362,0.19548320584198947
f621,0.19542284970834325
f424,0.19541099163361852
f687,0.19540222131293164
f665,0.19538752917527327
f689,0.1953715521303224
f390,0.1953590180808775
f742,0.19534580253913933
f314,0.19531559719667518
f856,0.19528855637101025
f459,0.1952741469375507
f288,0.1952736040469354
f606,0.1952370970390599
f739,0.19521521181733523
f841,0.19521275795248033
f649,0.19519302572553848
f400,0.19518585197888852
f523,0.19517461941214176
f417,0.19516142416094479
f536,0.1951561708674104
f578,0.195137555548838
f365,0.19513236567511896
f733,0.19508237371592477
f592,0.1950653033212072
f738,0.19505165901840912
f302,0.1950311771678858
f415,0.19498974791775733
f708,0.19498185396687587
f527,0.1949705342148489
f693,0.19496477419429617
f472,0.19495469650706257
f366,0.19493729446621336
f656,0.19493372406220508
f681,0.19493061725742403
f744,0.19492850835011138
f721,0.19489842701363727
f761,0.1948942325609351
f287,0.19484996345654126
f842,0.1948058190349547
f603,0.19480339148080192
f685,0.19479927523303595
f539,0.1947857966241563
f361,0.1947360722748483
f598,0.19472561472923117
f525,0.19471878831743417
f666,0.19471120568973052
f586,0.19470855926289865
f464,0.1947064001745213
f405,0.1946561280401224
f637,0.1946242472530074
f467,0.19461237275755308
f402,0.19460727229228933
f608,0.19456186511171053
f564,0.19455931505513424
f468,0.19452158729977406
f617,0.19450077733155208
f633,0.1944999545938202
f477,0.1944819706792639
f676,0.1944739109930809
f594,0.19446618295189685
f363,0.1944622494075146
f486,0.19445505839999955
f396,0.19444584044180838
f847,0.19443933702191893
f863,0.1944345212523407
f832,0.1944317063826144
f709,0.19441762215465486
f702,0.19441164717388426
f750,0.19438554088624507
f507,0.19438065847505978
f725,0.19436354982918355
f653,0.19434398924118867
f690,0.19433276814686717
f473,0.1943296302473175
f471,0.19431298648746748
f715,0.19429566221057776
f370,0.1942063849079078
f635,0.1941765878047756
f611,0.19413217466769356
f655,0.1941235621860033
f485,0.1941231273373031
f544,0.19401497823122626
f638,0.1940082075307519
f822,0.1940030871962635
f748,0.1939456096836813
f480,0.19394363807928955
f695,0.19391743700733977
f701,0.19390155626122657
f762,0.19389997043180326
f545,0.19385898478237687
f734,0.1938524725450042
f615,0.19383803175865275
f380,0.19376344755140473
f816,0.1937487837204206
f476,0.19374227120138962
f817,0.193741361989166
f631,0.19372734435062056
f684,0.19371799166321324
f574,0.19371087900257658
f290,0.19363934410547887
f540,0.193610928876822
f643,0.19360449006604305
f503,0.1935731423252297
f496,0.19352761090857765
f658,0.19351161758147611
f706,0.19350958831854848
f825,0.19348611879287284
f717,0.19346456255310365
f743,0.1934451689381821
f604,0.1934190316551573
f625,0.1934172250634543
f502,0.19336547117271433
f858,0.19334977313333537
f568,0.19333321999113906
f682,0.19331754333990878
f772,0.19327277949989616
f624,0.1932717481867572
f489,0.19326245320044244
f712,0.1932075768399599
f645,0.1931496370322681
f838,0.1931053214589036
f641,0.1931021693030511
f509,0.19307410599728284
f515,0.19306198876790315
f647,0.19305764743846657
f497,0.1930552124998583
f524,0.19302552423106994
f521,0.19302478558677627
f541,0.19301977813658092
f484,0.19297893625799833
f499,0.192939699195197
f626,0.19292217635234118
f394,0.192903456201643
f587,0.19288878853301195
f382,0.19285330384684324
f513,0.1928157828378928
f679,0.19277818960851584
f530,0.19277669214633247
f494,0.1927735067795579
f492,0.1927447898286309
f664,0.19274437765146274
f663,0.1927414106532659
f600,0.19270044812265844
f537,0.19266315563922315
f771,0.1926623724942203
f740,0.19262837600234067
f542,0.19261949784899693
f516,0.19260665515734726
f867,0.19258651066017776
f601,0.19255841004775556
f634,0.1925411378637766
f657,0.19252879511381632
f876,0.19245904278210674
f518,0.1924549948593232
f815,0.19243327862982396
f683,0.19243033569098372
f819,0.19242701141396665
f833,0.19241108161290127
f829,0.19237032761162784
f736,0.19234345419567134
f534,0.192310176587074
f639,0.1923094428528542
f823,0.19225079573860454
f478,0.19224588352162283
f872,0.19223986307751983
f532,0.19222370165615113
f713,0.1922219675006124
f711,0.19220253240045823
f866,0.19218741292341254
f870,0.19216304857835712
f757,0.1921625427727208
f605,0.19215711777609454
f827,0.1921571102903733
f632,0.19212607612229746
f753,0.19212028440724946
f510,0.19210116133455504
f759,0.19202651070943347
f723,0.19201801809163502
f714,0.19201795336122784
f659,0.19200720590547932
f756,0.19195616144805475
f855,0.19192733164938616
f732,0.19185654376237768
f737,0.19185226578152537
f506,0.19184315534261043
f650,0.19181343797550043
f646,0.19179871539267693
f661,0.19178958283646008
f698,0.191782433835255
f749,0.19178188958355558
f623,0.1917483593557386
f754,0.19174543738627303
f853,0.19174160238342206
f514,0.1917252570425497
f801,0.19167737627046794
f694,0.19164964073986923
f791,0.19164673748311992
f418,0.19163109937924866
f697,0.19162379122538456
f747,0.1915947835496483
f763,0.19157975386187875
f636,0.19155052491639984
f699,0.19152254283741835
f720,0.19151963524664745
f857,0.19151128315223076
f787,0.19149351607733256
f688,0.19144243925946938
f629,0.19141463304978765
f726,0.19141070163628418
f671,0.191397324506637
f799,0.19139099288707007
f795,0.1913812169887218
f504,0.1913247005079053
f821,0.19131975363097883
f751,0.1913095728333559
f640,0.19129217497430737
f837,0.19128706435917728
f869,0.1912646422534761
f622,0.1912602918174375
f644,0.19118399062950917
f741,0.19115541876785588
f662,0.19110806066244587
f835,0.19107886955723155
f618,0.19106725793758464
f648,0.19100207136432132
f859,0.19098005477091182
f2,0.19097654162333416
f745,0.19094762550026567
f843,0.19093751610693713
f844,0.19093034788370408
f755,0.1909241370456167
f728,0.1909240381124601
f764,0.19091209491856526
f696,0.1909073996860631
f508,0.1908990559098083
f522,0.1908819396965712
f830,0.19086849805272
f543,0.19080002258870432
f548,0.190779100466829
f731,0.19069944853651943
f528,0.19069794545295873
f501,0.1906788866239723
f491,0.19065727845362038
f868,0.19063049618740793
f680,0.19057052105620573
f776,0.1905658405256028
f854,0.19055017402096155
f840,0.19054068453786874
f814,0.19053332709494034
f619,0.19052410319731602
f678,0.19050734027236538
f852,0.19048239223325344
f704,0.19043305698463744
f520,0.1903316924443353
f630,0.19030918287361615
f861,0.19029863978700443
f765,0.1902215272279362
f810,0.19021444027338183
f846,0.19010311762943
f845,0.19009256407284608
f660,0.19008407984518322
f880,0.1900150660510511
f677,0.19000135177435556
f850,0.1899055021868958
f781,0.18990150785239435
f490,0.1898688548050155
f673,0.18981102837163763
f881,0.1897690960214204
f813,0.18975057258377043
f812,0.18973272609913439
f654,0.18973074131345868
f719,0.18972124608546678
f628,0.18964595735782439
f767,0.1896089777015269
f652,0.18957652190265017
f839,0.18954930864610814
f848,0.18953605413050437
f794,0.18950118776975672
f760,0.18948230992175893
f818,0.18941883472536405
f873,0.18940412948479718
f672,0.18933806279149407
f511,0.18931030449079458
f887,0.189212996885797
f836,0.1891400521226804
f692,0.18913549342727223
f865,0.18913491904550514
f777,0.1891344069547855
f871,0.18912944407658658
f806,0.18910762335660597
f849,0.18909413781440185
f773,0.1890890150838227
f498,0.18907516599283392
f670,0.18899406518836367
f746,0.18887394311388145
f808,0.18884162632206258
f834,0.18883703066240823
f500,0.18868423974514645
f874,0.18866675027664315
f766,0.18858444446687356
f807,0.18854993500521783
f769,0.18854077750118592
f826,0.18853707213434023
f779,0.18850965118355578
f793,0.188489106000136
f785,0.18846820112907559
f802,0.18840758534309598
f526,0.18840569727166057
f900,0.18836339211233977
f774,0.18833763669430428
f768,0.18823878872615252
f889,0.18813967808177956
f893,0.18805680723899573
f891,0.1880412934943757
f885,0.1880197712315987
f882,0.18799916034353517
f862,0.1879808530735579
f668,0.1879209941053761
f792,0.1879110824043426
f729,0.18790545958982732
f758,0.18783918835620778
f811,0.18780884639241796
f820,0.1877486976977422
f902,0.18771501442216948
f770,0.18762102131745798
f904,0.18753448033108172
f775,0.18751136145784383
f797,0.1874840547084106
f824,0.18725458265260478
f786,0.1870052245999498
f674,0.18698048480590468
f798,0.18696817666143484
f804,0.18694265367962365
f907,0.18693253813736296
f512,0.18687767473141384
f860,0.18685473042967043
f886,0.18673538172364887
f780,0.18668846859930127
f879,0.18664648970387845
f890,0.18662086796558736
f803,0.186562182220315
f878,0.1865181513063308
f851,0.1864437599755124
f894,0.18643834475038037
f778,0.18638748081673903
f783,0.18637980473834864
f809,0.18619888234502913
f877,0.18613468874137043
f800,0.18595578345624192
f789,0.18591216046521566
f788,0.18588931088275074
f898,0.18566468723827845
f790,0.18562527469004764
f784,0.1855326672072917
f864,0.18544296274421937
f805,0.18532797256216885
f901,0.18487590891476996
f908,0.1848611337984234
f913,0.18470525595136547
f906,0.18453865766223518
f888,0.18440389916737254
f875,0.1839902536796001
f920,0.1839769712010368
f883,0.18389986841894948
f938,0.18380824663770823
f896,0.18374543267015597
f899,0.18371703985243135
f796,0.18367034658548126
f782,0.18364498718242706
f895,0.18348991362810962
f917,0.1834391430549481
f892,0.1831482014887383
f921,0.18312413448709403
f915,0.18285061535565117
f922,0.1828238343351145
f914,0.18258073364896035
f918,0.18255843413408443
f909,0.18243024060437876
f936,0.1824272447890078
f929,0.18242078155606173
f912,0.18234226367110598
f903,0.18229608522793553
f905,0.18211804059224837
f897,0.1819931136400837
f911,0.1816976278218094
f945,0.18153967954549846
f926,0.18148026155788946
f919,0.1813707242855597
f925,0.18134626169837756
f930,0.18130627725943793
f947,0.18120911965696512
f884,0.18110497783325036
f940,0.18104918416395052
f916,0.181006022607167
f910,0.18079881242826257
f927,0.18079375506871292
f937,0.18078000013851198
f935,0.18060252256231885
f923,0.18042790497119532
f924,0.18015833140882437
f931,0.18003588437274362
f934,0.17977743184187117
f941,0.17975071990523275
f949,0.1796470392804508
f933,0.17930068991067266
f943,0.17894377064647368
f946,0.17887577327167622
f932,0.17882890329304338
f956,0.17823785482199614
f939,0.17770765361029608
f944,0.17698887552214404
f955,0.17675896215251405
f928,0.1766333452925168
f950,0.17652859408780708
f942,0.17611457180378645
f961,0.1759730678762077
f948,0.17557929327273808
f959,0.17541160404494371
f954,0.1753224870780169
f952,0.1753184147924737
f951,0.17521515894437636
f957,0.17470143778229785
f965,0.17447777936516903
f960,0.17447263237999658
f958,0.17429718176167727
f953,0.17388256799029853
f963,0.17375002439526943
f962,0.1729129011477693
f967,0.17291017050062463
f964,0.17286352607247144
f969,0.1712909819323083
f966,0.17080803118180202
f972,0.17046697850008274
f970,0.168255134088801
f968,0.16795812743462843
f971,0.1666467789447189
f974,0.16655484696386305
f973,0.16648011547788832
f975,0.16637435394955502
f978,0.1658194046569756
f977,0.16501786999987758
f976,0.16444155297004995
f981,0.1636630975771522
f979,0.16122034026440415
f980,0.16100808877967138
f983,0.15957821586539228
f982,0.15868823147340405
f987,0.15772428161674754
f986,0.15671597619893593
f985,0.15603965886603818
f988,0.15584052254087155
f984,0.155839008046126
f990,0.15390092005858022
f991,0.15369388985827462
f992,0.15337912522973227
f993,0.15111126506811495
f989,0.15091531781522924
f994,0.15061905501059006
f995,0.14913832245854394
f996,0.14316589747445257
f997,0.14165442389842559
f998,0.1414292938840421
f999,0.140395097887214
f1000,0.13815944717170614
f1002,0.13687076477221768
f1001,0.13654337427836408
f1003,0.1335353260140278
f1005,0.12904414734021838
f1004,0.12869776879532074
f1006,0.12568198850959758
f1,0.12101660613529253
f1007,0.1199405283370638
f1008,0.11907981991692404
f1009,0.11748323598760652
f1010,0.1160984669778462
f1011,0.11170697192624308
f1012,0.10261793578422333
f1013,0.10104271476112052
f1015,0.09454111903348189
f1014,0.09431950362940668
f1016,0.08685531631617979
f1017,0.08551849697834543
f1018,0.07546357938657934
f1019,0.07331829304605952
f1020,0.06072794065513664
f0,0.059776315875417756
f1021,0.048712027070378416
f1022,0.027998639155341586
f1023,0.011424353401149778
